{
    "Mean Loan Amount": 941212.1212121212,
    "Median Salary": 97000.0,
    "90th Percentile Interest": 12.62,
    "Correlation": 0.20987720738214066,
    "Standard Deviation": 588216.3979031587,
    "Default Percentage": 33.33333333333333,
    "NPA Percentage": 33.33333333333333,
    "Average EMI": 12689.89898989899,
    "Expected Loss": 6280000.0
}